loss,mape,val_loss,val_mape
0.007345979101955891,918517.5625,0.005070294253528118,962901.875
0.005051271989941597,656588.875,0.004782204516232014,753024.8125
0.004777063149958849,577317.875,0.004551311954855919,741131.4375
0.004544510971754789,509601.25,0.004621727392077446,586698.3125
0.004378817044198513,457458.8125,0.004298311658203602,597103.0
