loss,mape,val_loss,val_mape
0.010408136062324047,943902.6875,0.005109698977321386,670059.5625
0.004791917745023966,539832.75,0.004403489176183939,662410.75
0.00444211158901453,479184.28125,0.004246217664331198,574327.3125
0.0042737633921206,433790.8125,0.004351743496954441,769080.0625
0.004184830468147993,405786.46875,0.004096726421266794,618438.4375
